school;sex;age;address;famsize;Pstatus;Medu;Fedu;traveltime;studytime;failures;schoolsup;famsup;paid;activities;nursery;higher;internet;romantic;famrel;freetime;goout;Dalc;Walc;health;absences
GP;F;18;U;GT3;A;4;4;2;2;0;yes;no;no;no;yes;yes;no;no;4;3;4;1;1;3;6
GP;F;17;U;GT3;T;1;1;1;2;0;no;yes;no;no;no;yes;yes;no;5;3;3;1;1;3;4
GP;F;15;U;LE3;T;1;1;1;2;3;yes;no;yes;no;yes;yes;yes;no;4;3;2;2;3;3;10
GP;F;15;U;GT3;T;4;2;1;3;0;no;yes;yes;yes;yes;yes;yes;yes;3;2;2;1;1;5;2
GP;F;16;U;GT3;T;3;3;1;2;0;no;yes;yes;no;yes;yes;no;no;4;3;2;1;2;5;4
GP;M;16;U;LE3;T;4;3;1;2;0;no;yes;yes;yes;yes;yes;yes;no;5;4;2;1;2;5;10
GP;M;16;U;LE3;T;2;2;1;2;0;no;no;no;no;yes;yes;yes;no;4;4;4;1;1;3;0
GP;F;17;U;GT3;A;4;4;2;2;0;yes;yes;no;no;yes;yes;no;no;4;1;4;1;1;1;6
GP;M;15;U;LE3;A;3;2;1;2;0;no;yes;yes;no;yes;yes;yes;no;4;2;2;1;1;1;0
GP;M;15;U;GT3;T;3;4;1;2;0;no;yes;yes;yes;yes;yes;yes;no;5;5;1;1;1;5;0
GP;F;15;U;GT3;T;4;4;1;2;0;no;yes;yes;no;yes;yes;yes;no;3;3;3;1;2;2;0
GP;F;15;U;GT3;T;2;1;3;3;0;no;yes;no;yes;yes;yes;yes;no;5;2;2;1;1;4;4
GP;M;15;U;LE3;T;4;4;1;1;0;no;yes;yes;yes;yes;yes;yes;no;4;3;3;1;3;5;2
GP;M;15;U;GT3;T;4;3;2;2;0;no;yes;yes;no;yes;yes;yes;no;5;4;3;1;2;3;2
GP;M;15;U;GT3;A;2;2;1;3;0;no;yes;no;no;yes;yes;yes;yes;4;5;2;1;1;3;0
GP;F;16;U;GT3;T;4;4;1;1;0;no;yes;no;no;yes;yes;yes;no;4;4;4;1;2;2;4
GP;F;16;U;GT3;T;4;4;1;3;0;no;yes;yes;yes;yes;yes;yes;no;3;2;3;1;2;2;6
GP;F;16;U;GT3;T;3;3;3;2;0;yes;yes;no;yes;yes;yes;no;no;5;3;2;1;1;4;4
GP;M;17;U;GT3;T;3;2;1;1;3;no;yes;no;yes;yes;yes;yes;no;5;5;5;2;4;5;16
GP;M;16;U;LE3;T;4;3;1;1;0;no;no;yes;yes;yes;yes;yes;no;3;1;3;1;3;5;4
GP;M;15;U;GT3;T;4;3;1;2;0;no;no;no;no;yes;yes;yes;no;4;4;1;1;1;1;0
GP;M;15;U;GT3;T;4;4;1;1;0;no;yes;yes;no;yes;yes;yes;no;5;4;2;1;1;5;0
GP;M;16;U;LE3;T;4;2;1;2;0;no;no;no;yes;yes;yes;yes;no;4;5;1;1;3;5;2
GP;M;16;U;LE3;T;2;2;2;2;0;no;yes;no;yes;yes;yes;yes;no;5;4;4;2;4;5;0
GP;F;15;R;GT3;T;2;4;1;3;0;yes;yes;yes;yes;yes;yes;yes;no;4;3;2;1;1;5;2
GP;F;16;U;GT3;T;2;2;1;1;2;no;yes;yes;no;no;yes;yes;no;1;2;2;1;3;5;14
GP;M;15;U;GT3;T;2;2;1;1;0;no;yes;yes;no;yes;yes;yes;no;4;2;2;1;2;5;2
GP;M;15;U;GT3;T;4;2;1;1;0;no;no;yes;no;yes;yes;yes;no;2;2;4;2;4;1;4
GP;M;16;U;LE3;A;3;4;1;2;0;yes;yes;no;yes;yes;yes;yes;no;5;3;3;1;1;5;4
GP;M;16;U;GT3;T;4;4;1;2;0;no;yes;yes;yes;yes;yes;yes;yes;4;4;5;5;5;5;16
GP;M;15;U;GT3;T;4;4;1;2;0;no;yes;yes;no;no;yes;yes;no;5;4;2;3;4;5;0
GP;M;15;U;GT3;T;4;4;2;2;0;no;yes;no;yes;yes;yes;yes;no;4;3;1;1;1;5;0
GP;M;15;R;GT3;T;4;3;1;2;0;no;yes;no;yes;yes;yes;yes;yes;4;5;2;1;1;5;0
GP;M;15;U;LE3;T;3;3;1;2;0;no;no;no;yes;no;yes;yes;no;5;3;2;1;1;2;0
GP;M;16;U;GT3;T;3;2;1;1;0;no;yes;yes;no;no;yes;yes;no;5;4;3;1;1;5;0
GP;F;15;U;GT3;T;2;3;2;1;0;no;yes;no;yes;yes;yes;no;no;3;5;1;1;1;5;0
GP;M;15;U;LE3;T;4;3;1;3;0;no;yes;no;yes;yes;yes;yes;no;5;4;3;1;1;4;2
GP;M;16;R;GT3;A;4;4;2;3;0;no;yes;no;yes;yes;yes;yes;yes;2;4;3;1;1;5;7
GP;F;15;R;GT3;T;3;4;1;3;0;yes;yes;yes;yes;yes;yes;yes;no;4;3;2;1;1;5;2
GP;F;15;R;GT3;T;2;2;1;1;0;yes;yes;yes;yes;yes;yes;no;no;4;3;1;1;1;2;8
GP;F;16;U;LE3;T;2;2;2;2;1;no;yes;no;yes;no;yes;yes;yes;3;3;3;1;2;3;25
GP;M;15;U;LE3;T;4;4;1;1;0;no;yes;no;no;no;yes;yes;yes;5;4;3;2;4;5;8
GP;M;15;U;GT3;T;4;4;1;2;0;no;yes;no;yes;yes;yes;yes;no;4;3;3;1;1;5;2
GP;M;15;U;GT3;T;2;2;1;1;0;yes;yes;no;no;yes;yes;yes;no;5;4;1;1;1;1;0
GP;F;16;U;LE3;T;2;2;2;2;1;yes;no;no;yes;yes;yes;yes;no;4;3;3;2;2;5;14
GP;F;15;U;LE3;A;4;3;1;2;0;yes;yes;yes;yes;yes;yes;yes;yes;5;2;2;1;1;5;8
GP;F;16;U;LE3;A;3;3;1;2;0;no;yes;no;no;yes;yes;yes;no;2;3;5;1;4;3;12
GP;M;16;U;GT3;T;4;3;1;4;0;no;no;no;yes;yes;yes;yes;no;4;2;2;1;1;2;4
GP;M;15;U;GT3;T;4;2;1;2;0;no;yes;yes;no;yes;yes;no;no;4;3;3;2;2;5;2
GP;F;15;U;GT3;T;4;4;1;2;1;yes;yes;no;yes;no;yes;yes;no;4;4;4;1;1;3;2
GP;F;16;U;LE3;T;2;2;3;2;0;no;yes;yes;no;yes;yes;yes;no;4;3;3;2;3;4;2
GP;F;15;U;LE3;T;4;2;1;2;0;no;yes;yes;no;yes;yes;yes;no;4;3;3;1;1;5;2
GP;M;15;U;LE3;A;4;2;2;1;1;no;no;no;no;yes;yes;no;no;5;5;5;3;4;5;6
GP;F;15;U;GT3;T;4;4;1;1;0;yes;yes;yes;no;yes;yes;yes;no;3;3;4;2;3;5;0
GP;F;15;U;LE3;A;3;3;1;1;0;no;no;yes;no;yes;yes;yes;no;5;3;4;4;4;1;6
GP;F;16;U;GT3;A;2;1;1;2;0;no;no;yes;yes;yes;yes;yes;yes;5;3;4;1;1;2;8
GP;F;15;U;GT3;A;4;3;1;2;0;no;yes;yes;yes;yes;yes;yes;no;4;3;2;1;1;1;0
GP;M;15;U;GT3;T;4;4;1;2;0;no;yes;no;yes;yes;yes;no;no;3;2;2;1;1;5;4
GP;M;15;U;LE3;T;1;2;1;2;0;yes;yes;no;yes;yes;yes;yes;no;4;3;2;1;1;5;2
GP;F;16;U;GT3;T;4;2;1;2;0;no;yes;no;no;yes;yes;yes;no;4;2;3;1;1;5;2
GP;F;16;R;GT3;T;4;4;1;2;0;no;yes;no;yes;yes;yes;no;no;2;4;4;2;3;4;6
GP;F;16;U;GT3;T;1;1;4;1;0;yes;yes;no;yes;no;yes;yes;yes;5;5;5;5;5;5;6
GP;F;16;U;LE3;T;1;2;1;2;0;yes;no;no;yes;yes;yes;yes;no;4;4;3;1;1;1;4
GP;F;16;U;GT3;T;4;3;1;3;0;yes;yes;yes;yes;yes;yes;yes;no;3;4;4;2;4;4;2
GP;F;15;U;LE3;T;4;3;1;2;0;yes;no;no;yes;yes;yes;yes;yes;4;4;4;2;4;2;0
GP;F;16;U;LE3;T;4;3;3;2;0;no;yes;no;yes;yes;yes;yes;no;5;4;3;1;2;1;2
GP;M;15;U;GT3;A;4;4;1;4;0;no;yes;no;yes;no;yes;yes;yes;1;3;3;5;5;3;4
GP;F;16;U;GT3;T;3;1;1;4;0;yes;yes;yes;no;yes;yes;yes;no;4;3;3;1;2;5;4
GP;F;15;R;LE3;T;2;2;2;2;0;yes;yes;yes;no;yes;yes;yes;no;4;1;3;1;3;4;2
GP;F;15;R;LE3;T;3;1;2;4;0;no;yes;no;no;no;yes;yes;no;4;4;2;2;3;3;12
GP;M;16;U;GT3;T;3;1;2;4;0;no;yes;yes;no;yes;yes;yes;no;4;3;2;1;1;5;0
GP;M;15;U;GT3;T;4;2;1;4;0;no;no;no;no;yes;yes;yes;no;3;3;3;1;1;3;0
GP;F;15;R;GT3;T;1;1;1;2;2;yes;yes;no;no;no;yes;yes;yes;3;3;4;2;4;5;2
GP;M;16;U;GT3;T;3;1;1;1;0;no;no;no;yes;yes;yes;no;no;5;3;2;2;2;5;2
GP;F;16;U;GT3;T;3;3;1;2;0;yes;yes;yes;yes;yes;yes;yes;no;4;3;3;2;4;5;54
GP;M;15;U;GT3;T;4;3;1;2;0;no;yes;yes;yes;yes;yes;yes;no;4;3;3;2;3;5;6
GP;M;15;U;GT3;T;4;0;2;4;0;no;no;no;yes;yes;yes;yes;no;3;4;3;1;1;1;8
GP;F;16;U;GT3;T;2;2;1;4;0;no;no;yes;no;yes;yes;yes;yes;5;2;3;1;3;3;0
GP;M;17;U;GT3;T;2;1;2;1;3;yes;yes;no;yes;yes;no;yes;no;4;5;1;1;1;3;2
GP;F;16;U;GT3;T;3;4;1;2;0;no;yes;no;no;yes;yes;yes;no;2;4;3;1;2;3;12
GP;M;15;U;GT3;T;2;3;1;1;0;yes;yes;yes;yes;no;yes;yes;yes;3;2;2;1;3;3;2
GP;M;15;U;GT3;T;2;3;1;3;0;yes;no;yes;no;no;yes;yes;no;5;3;2;1;2;5;4
GP;F;15;U;LE3;T;3;2;1;2;0;no;yes;yes;no;yes;yes;yes;no;4;4;4;1;1;5;10
GP;M;15;U;LE3;T;2;2;2;2;0;no;no;yes;yes;yes;yes;yes;no;5;3;3;1;3;4;4
GP;F;15;U;GT3;T;1;1;1;2;0;no;yes;no;yes;no;yes;yes;no;4;3;2;2;3;4;2
GP;F;15;U;GT3;T;4;4;2;2;2;no;no;yes;no;yes;yes;yes;yes;4;4;4;2;3;5;6
GP;F;16;U;LE3;T;2;2;1;2;0;no;yes;no;no;yes;yes;no;no;4;3;4;1;2;2;4
GP;F;15;U;GT3;T;4;2;1;3;0;no;yes;no;yes;yes;yes;yes;no;5;3;3;1;3;1;4
GP;M;16;U;GT3;T;2;2;2;2;1;no;no;yes;yes;no;yes;yes;no;4;4;2;1;1;3;12
GP;M;16;U;LE3;A;4;4;1;2;0;no;yes;no;no;yes;yes;no;no;4;1;3;3;5;5;18
GP;F;16;U;GT3;T;3;3;1;3;0;no;yes;yes;no;yes;yes;yes;yes;4;3;3;1;3;4;0
GP;F;15;U;GT3;T;4;3;1;1;0;no;no;yes;yes;yes;yes;yes;no;4;5;5;1;3;1;4
GP;F;16;U;LE3;T;3;1;1;2;0;yes;yes;no;no;yes;yes;no;no;3;3;3;2;3;2;4
GP;F;16;U;GT3;T;4;2;2;2;0;no;yes;yes;yes;yes;yes;yes;no;5;3;3;1;1;1;0
GP;M;15;U;LE3;T;2;2;1;4;0;no;yes;no;yes;yes;yes;yes;no;4;3;4;1;1;4;6
GP;F;15;R;GT3;T;1;1;2;4;1;yes;yes;yes;yes;yes;yes;yes;no;3;1;2;1;1;1;2
GP;M;16;R;GT3;T;4;3;2;1;0;yes;yes;no;yes;no;yes;yes;no;3;3;3;1;1;4;2
GP;F;16;U;GT3;T;2;1;1;2;0;no;yes;yes;no;yes;yes;no;yes;4;3;5;1;1;5;2
GP;F;16;U;GT3;T;4;4;1;1;0;no;no;no;yes;no;yes;yes;no;5;3;4;1;2;1;6
GP;F;16;U;GT3;T;4;3;1;3;0;yes;yes;yes;no;yes;yes;yes;no;5;3;5;1;1;3;0
GP;M;16;U;GT3;T;4;4;1;1;0;yes;yes;yes;yes;yes;yes;yes;no;4;5;5;5;5;4;14
GP;M;16;U;GT3;T;4;4;1;3;0;no;yes;no;yes;yes;yes;yes;yes;4;4;3;1;1;4;0
GP;M;15;U;GT3;T;4;4;1;1;0;no;yes;no;yes;no;yes;yes;no;5;3;3;1;1;5;4
GP;F;15;U;GT3;T;3;2;2;2;0;yes;yes;yes;no;yes;yes;yes;no;4;3;5;1;1;2;26
GP;M;15;U;GT3;A;3;4;1;2;0;no;yes;yes;yes;yes;yes;yes;no;5;4;4;1;1;1;0
GP;F;15;U;GT3;A;3;3;1;4;0;yes;no;no;no;yes;yes;no;no;4;3;3;1;1;4;10
GP;F;15;U;GT3;T;2;2;1;4;0;yes;yes;yes;no;yes;yes;yes;no;5;1;2;1;1;3;8
GP;M;16;U;GT3;T;3;3;1;3;0;no;yes;no;yes;yes;yes;yes;no;5;3;3;1;1;5;2
GP;M;15;R;GT3;T;4;4;4;4;0;no;yes;yes;yes;yes;yes;yes;yes;1;3;5;3;5;1;6
GP;F;16;U;LE3;T;4;4;1;3;0;no;yes;yes;yes;yes;yes;yes;yes;5;4;5;1;1;4;4
GP;M;15;U;LE3;A;4;4;1;1;0;no;no;no;yes;yes;yes;yes;no;5;5;3;1;1;4;6
GP;F;16;R;GT3;T;3;3;1;3;1;yes;yes;no;yes;yes;yes;yes;no;4;1;2;1;1;2;0
GP;F;16;U;GT3;T;2;2;1;2;1;yes;no;no;yes;yes;yes;yes;no;3;1;2;1;1;5;6
GP;M;15;U;LE3;T;4;2;1;1;0;no;no;no;no;yes;yes;yes;no;3;5;2;1;1;3;10
GP;M;15;R;GT3;T;2;1;1;2;0;no;no;no;yes;yes;yes;yes;yes;5;4;2;1;1;5;8
GP;M;16;U;GT3;T;4;4;1;2;0;no;yes;no;yes;yes;yes;yes;no;5;4;4;1;2;5;2
GP;M;15;U;GT3;T;4;4;2;2;0;no;yes;no;yes;yes;yes;no;no;4;4;3;1;1;2;2
GP;M;16;U;GT3;T;3;3;2;1;0;no;no;no;yes;yes;yes;yes;no;5;4;2;1;1;5;0
GP;M;17;R;GT3;T;1;3;3;2;1;no;yes;no;yes;yes;yes;yes;no;5;2;4;1;4;5;20
GP;M;15;U;GT3;T;3;4;1;1;0;no;no;no;no;yes;yes;yes;no;3;4;3;1;2;4;6
GP;F;15;U;GT3;T;1;2;1;2;0;no;no;no;no;no;yes;yes;no;3;2;3;1;2;1;2
GP;M;15;U;GT3;T;2;2;1;4;0;no;yes;yes;yes;yes;yes;yes;no;5;5;4;1;2;5;6
GP;F;16;U;LE3;T;2;4;2;2;0;no;yes;yes;yes;yes;yes;yes;yes;4;2;2;1;2;5;2
GP;M;16;U;GT3;T;4;4;1;1;0;no;yes;no;yes;yes;yes;yes;no;3;4;4;1;4;5;18
GP;F;16;U;GT3;T;2;2;1;2;0;no;no;yes;no;yes;yes;yes;yes;5;4;4;1;1;5;0
GP;M;15;U;GT3;T;3;4;1;1;0;yes;no;no;no;yes;yes;yes;no;5;5;5;3;2;5;0
GP;F;15;U;LE3;A;3;4;1;2;0;yes;no;no;yes;yes;yes;yes;yes;5;3;2;1;1;1;0
GP;F;19;U;GT3;T;0;1;1;2;3;no;yes;no;no;no;no;no;no;3;4;2;1;1;5;2
GP;M;18;R;GT3;T;2;2;1;1;2;no;yes;no;yes;yes;yes;yes;no;3;3;3;1;2;4;0
GP;M;16;R;GT3;T;4;4;1;1;0;no;no;yes;yes;yes;yes;yes;no;3;5;5;2;5;4;8
GP;F;15;R;GT3;T;3;4;2;3;2;no;yes;no;no;yes;yes;yes;yes;4;2;2;2;2;5;0
GP;F;15;U;GT3;T;1;1;3;1;0;no;yes;no;yes;no;yes;yes;yes;4;3;3;1;2;4;0
GP;F;17;U;LE3;T;2;2;1;1;0;no;yes;no;no;yes;yes;yes;yes;3;4;4;1;3;5;12
GP;F;16;U;GT3;A;3;4;1;1;0;no;no;no;no;yes;yes;yes;no;3;2;1;1;4;5;16
GP;M;15;R;GT3;T;3;4;4;2;0;no;yes;no;no;yes;yes;no;yes;5;3;3;1;1;5;0
GP;F;15;U;GT3;T;4;4;1;3;0;no;yes;no;yes;yes;yes;yes;yes;4;3;3;1;1;5;0
GP;M;17;R;GT3;T;3;4;3;2;0;no;no;no;no;yes;yes;no;no;5;4;5;2;4;5;0
GP;F;16;U;GT3;A;3;3;2;1;2;no;yes;no;yes;no;yes;yes;yes;4;3;2;1;1;5;0
GP;M;16;U;LE3;T;1;1;1;2;1;no;no;no;no;yes;yes;no;yes;4;4;4;1;3;5;0
GP;F;15;U;GT3;T;4;4;2;1;0;no;no;no;yes;yes;yes;yes;no;4;3;2;1;1;5;0
GP;M;15;U;GT3;T;4;3;2;4;0;yes;yes;no;no;yes;yes;yes;no;2;2;2;1;1;3;0
GP;M;16;U;LE3;T;2;2;2;1;2;no;yes;no;yes;yes;yes;yes;no;2;3;3;2;2;2;8
GP;F;15;U;GT3;T;4;4;1;3;0;no;yes;yes;yes;yes;yes;yes;no;4;2;2;1;1;5;2
GP;F;16;U;LE3;T;1;1;1;1;0;no;no;no;no;yes;yes;yes;no;3;4;4;3;3;1;2
GP;M;17;U;GT3;T;2;1;1;1;3;no;yes;no;no;yes;yes;yes;no;5;4;5;1;2;5;0
GP;F;15;U;GT3;T;1;1;1;2;0;no;yes;yes;no;yes;yes;yes;no;4;4;2;1;2;5;0
GP;F;15;U;GT3;T;3;2;1;2;3;no;yes;no;no;yes;yes;yes;no;3;3;2;1;1;3;0
GP;F;15;U;GT3;T;1;2;1;2;0;no;yes;yes;no;no;yes;yes;no;4;3;2;1;1;5;2
GP;M;16;U;GT3;T;4;4;1;1;0;no;yes;no;no;yes;no;yes;yes;3;3;2;2;1;5;0
GP;M;15;U;LE3;A;2;1;4;1;3;no;no;no;no;yes;yes;yes;no;4;5;5;2;5;5;0
GP;M;18;U;LE3;T;1;1;1;1;3;no;no;no;no;yes;no;yes;yes;2;3;5;2;5;4;0
GP;M;16;U;LE3;T;2;1;1;1;1;no;no;no;yes;yes;yes;no;yes;4;4;4;3;5;5;6
GP;F;15;R;GT3;T;3;3;2;3;2;no;yes;yes;yes;yes;yes;yes;yes;4;2;1;2;3;3;8
GP;M;19;U;GT3;T;3;2;1;1;3;no;yes;no;no;yes;no;yes;yes;4;5;4;1;1;4;0
GP;F;17;U;GT3;T;4;4;1;1;0;yes;yes;no;no;yes;yes;no;yes;4;2;1;1;1;4;0
GP;M;15;R;GT3;T;2;3;1;2;0;yes;no;yes;yes;yes;yes;no;no;4;4;4;1;1;1;2
GP;M;17;R;LE3;T;1;2;1;1;0;no;no;no;no;yes;yes;no;no;2;2;2;3;3;5;8
GP;F;18;R;GT3;T;1;1;3;1;3;no;yes;no;yes;no;yes;no;no;5;2;5;1;5;4;6
GP;M;16;R;GT3;T;2;2;3;1;0;no;no;no;no;no;yes;no;no;4;2;2;1;2;3;2
GP;M;16;U;GT3;T;3;3;1;2;1;no;yes;yes;no;yes;yes;yes;yes;4;5;5;4;4;5;4
GP;M;17;R;LE3;T;2;1;2;1;2;no;no;no;yes;yes;no;yes;yes;3;3;2;2;2;5;0
GP;M;15;R;GT3;T;3;2;2;2;2;yes;yes;no;no;yes;yes;yes;yes;4;4;4;1;4;3;6
GP;M;16;U;LE3;T;1;2;2;1;1;no;no;no;yes;yes;yes;no;no;4;4;4;2;4;5;0
GP;M;17;U;GT3;T;1;3;1;1;0;no;no;no;no;yes;no;yes;no;5;3;3;1;4;2;2
GP;M;17;R;LE3;T;1;1;4;2;3;no;no;no;yes;yes;no;no;yes;5;3;5;1;5;5;0
GP;M;16;U;GT3;T;3;2;2;1;1;no;yes;no;yes;no;no;no;no;4;5;2;1;1;2;16
GP;M;16;U;GT3;T;2;2;1;2;0;no;no;no;no;yes;no;yes;no;4;3;5;2;4;4;4
GP;F;16;U;GT3;T;4;2;1;2;0;no;no;yes;no;yes;yes;yes;yes;4;2;3;1;1;3;0
GP;F;16;U;GT3;T;2;2;1;2;0;no;yes;yes;no;no;yes;yes;no;5;1;5;1;1;4;0
GP;F;16;U;GT3;T;4;4;1;2;0;no;yes;yes;no;yes;yes;yes;yes;4;4;2;1;1;3;0
GP;M;16;U;GT3;T;3;4;3;1;2;no;yes;no;yes;no;yes;yes;no;3;4;5;2;4;2;0
GP;M;16;U;GT3;T;1;0;2;2;0;no;yes;yes;yes;yes;yes;yes;yes;4;3;2;1;1;3;2
GP;M;17;U;LE3;T;4;4;1;2;0;no;yes;yes;yes;yes;yes;yes;no;4;4;4;1;3;5;0
GP;F;16;U;GT3;T;1;3;1;2;3;no;no;no;yes;no;yes;yes;yes;4;3;5;1;1;3;0
GP;F;16;U;LE3;T;3;3;2;2;0;no;yes;yes;yes;yes;yes;yes;no;4;4;5;1;1;4;4
GP;M;17;U;LE3;T;4;3;2;2;0;no;no;yes;yes;yes;yes;yes;no;4;4;4;4;4;4;4
GP;F;16;U;GT3;T;2;2;2;2;0;no;no;yes;yes;no;yes;yes;no;3;4;4;1;4;5;2
GP;M;17;U;GT3;T;3;3;1;2;0;no;no;no;yes;no;yes;yes;no;4;3;4;1;4;4;4
GP;M;16;R;GT3;T;4;2;1;1;0;no;yes;no;yes;yes;yes;yes;yes;4;3;3;3;4;3;10
GP;M;17;U;GT3;T;4;3;1;2;0;no;yes;no;yes;yes;yes;yes;yes;5;2;3;1;1;2;4
GP;M;16;U;GT3;T;4;3;1;2;0;no;yes;yes;yes;yes;yes;yes;no;3;4;3;2;3;3;10
GP;M;16;U;GT3;T;3;3;1;2;0;no;no;yes;yes;yes;yes;yes;yes;4;2;3;1;2;3;2
GP;F;17;U;GT3;T;2;4;1;2;0;no;yes;no;yes;yes;yes;no;no;5;4;2;2;3;5;0
GP;F;17;U;LE3;T;3;3;1;2;0;no;yes;no;yes;yes;yes;yes;yes;5;3;3;2;3;1;56
GP;F;16;U;GT3;T;3;2;1;2;0;no;yes;yes;no;yes;yes;yes;no;1;2;2;1;2;1;14
GP;M;17;U;GT3;T;3;3;1;2;0;no;yes;no;yes;yes;yes;yes;yes;4;3;4;2;3;4;12
GP;M;16;U;GT3;T;1;2;1;1;0;no;yes;yes;yes;yes;yes;yes;yes;3;3;3;1;2;3;2
GP;M;16;U;LE3;T;2;1;1;2;0;no;no;yes;yes;yes;yes;yes;yes;4;2;3;1;2;5;0
GP;F;17;U;GT3;A;3;3;1;2;0;no;yes;no;no;no;yes;yes;yes;3;3;3;1;3;3;6
GP;M;17;R;GT3;T;1;2;1;2;0;no;no;no;no;yes;yes;no;no;3;1;3;1;5;3;4
GP;F;16;U;GT3;T;2;3;1;2;0;no;no;no;no;yes;yes;yes;no;4;3;3;1;1;2;10
GP;F;17;U;GT3;T;1;1;1;2;0;no;no;no;yes;yes;yes;yes;no;5;3;3;1;1;3;0
GP;M;17;U;GT3;T;1;2;2;2;0;no;no;yes;yes;no;yes;yes;no;4;4;4;4;5;5;12
GP;M;16;R;GT3;T;3;3;1;1;0;no;yes;no;yes;yes;yes;yes;no;4;3;2;3;4;5;8
GP;M;16;U;GT3;T;2;3;2;1;0;no;no;no;no;yes;yes;yes;no;5;3;3;1;1;3;0
GP;F;17;U;LE3;T;2;4;1;2;0;no;no;no;yes;yes;yes;yes;yes;4;3;2;1;1;5;0
GP;M;17;U;GT3;T;4;4;1;1;0;no;no;no;no;yes;yes;yes;no;5;2;3;1;2;5;4
GP;M;16;R;LE3;T;3;3;3;1;0;no;yes;yes;yes;yes;yes;yes;no;3;3;4;3;5;3;8
GP;F;17;U;GT3;T;4;4;2;1;1;no;yes;no;no;yes;yes;yes;no;4;2;4;2;3;2;24
GP;F;16;U;LE3;T;4;4;1;2;0;no;yes;yes;no;yes;yes;yes;no;4;5;2;1;2;3;0
GP;F;16;U;GT3;T;4;3;1;2;0;no;yes;no;yes;yes;yes;yes;no;4;3;5;1;5;2;2
GP;F;16;U;GT3;T;2;3;1;2;0;yes;yes;yes;yes;yes;yes;no;no;4;4;3;1;3;4;6
GP;F;17;U;GT3;T;1;1;1;2;0;no;yes;yes;no;no;yes;no;no;4;4;4;1;3;1;4
GP;F;17;R;GT3;T;2;2;1;1;0;no;yes;no;no;yes;yes;yes;no;5;3;2;1;2;3;18
GP;F;16;R;GT3;T;2;2;2;4;0;no;yes;yes;yes;no;yes;yes;no;5;3;5;1;1;5;6
GP;F;17;U;GT3;T;3;4;1;3;1;no;yes;yes;no;yes;yes;yes;yes;4;4;3;3;4;5;28
GP;F;16;U;GT3;A;3;1;1;2;3;no;yes;yes;no;yes;yes;yes;no;2;3;3;2;2;4;5
GP;F;16;U;GT3;T;4;3;1;2;0;no;no;yes;yes;yes;yes;yes;yes;1;3;2;1;1;1;10
GP;F;16;U;GT3;T;1;1;2;1;0;no;yes;yes;no;yes;yes;no;no;4;3;2;1;4;5;6
GP;F;17;R;GT3;T;4;3;2;3;0;no;yes;yes;yes;yes;yes;yes;yes;4;4;2;1;1;4;6
GP;F;19;U;GT3;T;3;3;1;4;0;no;yes;yes;yes;yes;yes;yes;no;4;3;3;1;2;3;10
GP;M;17;U;LE3;T;4;4;1;2;0;no;yes;yes;no;yes;yes;yes;yes;5;3;5;4;5;3;13
GP;F;16;U;GT3;A;2;2;1;2;0;yes;yes;yes;no;yes;yes;yes;no;3;3;4;1;1;4;0
GP;M;18;U;GT3;T;2;2;1;2;1;no;yes;yes;yes;yes;yes;yes;no;4;4;4;2;4;5;15
GP;F;17;R;LE3;T;4;4;1;1;0;no;yes;yes;no;yes;yes;no;no;5;2;1;1;2;3;12
GP;F;17;U;LE3;T;3;2;2;2;0;no;no;yes;no;yes;yes;yes;no;4;4;4;1;3;1;2
GP;F;17;U;GT3;T;4;3;1;2;2;no;no;yes;no;yes;yes;yes;yes;3;4;5;2;4;1;22
GP;M;18;U;LE3;T;3;3;1;2;1;no;yes;yes;no;yes;yes;yes;no;3;2;4;2;4;4;13
GP;F;17;U;GT3;T;2;3;2;1;0;no;yes;yes;no;yes;yes;no;no;3;3;3;1;4;3;3
GP;F;17;U;GT3;T;2;2;1;3;0;no;yes;yes;yes;yes;yes;yes;no;4;3;3;1;1;4;4
GP;F;17;R;GT3;T;2;1;2;2;0;no;yes;no;yes;yes;yes;yes;no;4;2;5;1;2;5;2
GP;F;17;U;GT3;T;1;1;1;3;1;no;yes;no;yes;yes;yes;no;yes;4;3;4;1;1;5;0
GP;F;16;U;GT3;T;2;3;1;2;0;yes;no;no;no;yes;yes;yes;no;2;3;1;1;1;3;2
GP;M;18;U;GT3;T;2;2;2;2;0;no;yes;yes;no;yes;yes;yes;no;3;3;3;5;5;4;0
GP;F;16;U;GT3;T;4;4;1;3;0;no;yes;no;yes;no;yes;yes;no;5;3;2;1;1;5;0
GP;F;18;R;GT3;T;3;1;1;2;1;no;no;no;yes;yes;yes;yes;yes;5;3;3;1;1;4;16
GP;F;17;U;GT3;T;3;2;1;2;0;no;no;no;yes;no;yes;yes;no;5;3;4;1;3;3;10
GP;M;17;U;LE3;T;2;3;1;2;0;no;yes;yes;no;no;yes;yes;no;5;3;3;1;3;3;2
GP;M;18;U;LE3;T;2;1;4;2;0;yes;yes;yes;yes;yes;yes;yes;yes;4;3;2;4;5;3;14
GP;F;17;U;GT3;A;2;1;2;3;0;no;no;no;yes;yes;yes;yes;yes;3;2;3;1;2;3;10
GP;F;17;U;LE3;T;4;3;1;2;0;no;no;no;yes;yes;yes;yes;yes;3;2;3;1;2;3;14
GP;M;17;R;GT3;T;2;2;2;2;0;no;yes;yes;yes;yes;yes;yes;no;4;5;2;1;1;1;4
GP;M;17;U;GT3;T;4;4;1;2;0;yes;yes;no;yes;yes;yes;yes;yes;4;5;5;1;3;2;14
GP;M;16;U;GT3;T;4;4;1;2;0;no;yes;yes;yes;yes;yes;yes;no;4;2;4;2;4;1;2
GP;M;16;U;LE3;T;1;1;2;2;0;no;yes;yes;no;yes;yes;yes;no;3;4;2;1;1;5;18
GP;M;16;U;GT3;T;3;2;2;3;0;no;no;no;yes;yes;yes;yes;yes;5;3;3;1;3;2;10
GP;M;17;U;LE3;T;2;2;1;2;0;no;no;yes;yes;no;yes;yes;yes;4;4;2;5;5;4;4
GP;F;16;U;GT3;T;2;1;1;1;0;no;no;no;no;yes;yes;yes;yes;4;5;2;1;1;5;20
GP;F;17;R;GT3;T;2;1;3;2;0;no;no;no;yes;yes;yes;no;no;2;1;1;1;1;3;2
GP;M;18;U;GT3;T;2;2;1;2;1;no;no;no;no;yes;no;yes;no;5;5;4;3;5;2;0
GP;M;17;U;LE3;T;4;3;2;2;0;no;no;no;yes;yes;yes;yes;yes;2;5;5;1;4;5;14
GP;M;17;R;LE3;A;4;4;2;2;0;no;yes;yes;no;yes;yes;yes;no;3;3;3;2;3;4;2
GP;M;16;U;LE3;T;4;3;1;1;0;no;no;no;yes;no;yes;yes;no;5;4;5;1;1;3;0
GP;M;16;U;GT3;T;4;4;1;1;0;no;no;no;yes;yes;yes;yes;no;5;3;2;1;2;5;0
GP;F;18;U;GT3;T;2;1;2;3;0;no;yes;yes;no;no;yes;yes;yes;4;4;4;1;1;3;0
GP;M;16;U;GT3;T;2;1;3;1;0;no;no;no;no;yes;yes;yes;no;4;3;3;1;1;4;6
GP;M;17;U;GT3;T;2;3;2;1;0;no;no;no;no;yes;yes;yes;no;5;2;2;1;1;2;4
GP;M;22;U;GT3;T;3;1;1;1;3;no;no;no;no;no;no;yes;yes;5;4;5;5;5;1;16
GP;M;18;R;LE3;T;3;3;1;2;1;no;yes;no;no;yes;yes;yes;yes;4;3;3;1;3;5;8
GP;M;16;U;GT3;T;0;2;1;1;0;no;no;yes;no;no;yes;yes;no;4;3;2;2;4;5;0
GP;M;18;U;GT3;T;3;2;2;1;1;no;no;no;no;yes;no;yes;no;4;4;5;2;4;5;0
GP;M;16;U;GT3;T;3;3;3;2;0;yes;yes;no;no;no;yes;yes;no;5;3;3;1;3;2;6
GP;M;18;U;GT3;T;2;1;1;1;1;no;no;no;no;no;no;yes;no;3;2;5;2;5;5;4
GP;M;16;R;GT3;T;2;1;2;1;0;no;no;no;yes;no;yes;no;no;3;3;2;1;3;3;0
GP;M;17;R;GT3;T;2;1;1;1;0;no;no;no;no;no;yes;yes;no;4;4;2;2;4;5;0
GP;M;17;U;LE3;T;1;1;2;1;1;no;yes;no;yes;yes;yes;yes;no;4;4;4;1;2;5;2
GP;F;17;U;LE3;T;4;2;1;4;0;no;yes;yes;yes;yes;yes;yes;no;4;2;3;1;1;4;6
GP;M;19;U;LE3;A;4;3;1;2;0;no;yes;no;no;yes;yes;yes;no;4;3;1;1;1;1;12
GP;M;18;U;GT3;T;2;1;1;2;0;no;no;no;yes;yes;yes;yes;no;5;2;4;1;2;4;8
GP;F;17;U;LE3;T;2;2;1;4;0;no;no;yes;yes;yes;yes;yes;yes;3;4;1;1;1;2;0
GP;F;18;U;GT3;T;4;3;1;2;0;no;yes;yes;no;yes;yes;yes;yes;3;1;2;1;3;2;21
GP;M;18;U;GT3;T;4;3;1;2;0;no;yes;yes;no;no;yes;yes;no;4;3;2;1;1;3;2
GP;M;18;R;GT3;T;3;2;1;3;0;no;no;no;yes;no;yes;no;no;5;3;2;1;1;3;1
GP;F;17;U;GT3;T;3;3;1;3;0;no;no;no;yes;no;yes;no;no;3;2;3;1;1;4;4
GP;F;18;U;GT3;T;2;2;1;3;0;no;yes;yes;yes;yes;yes;yes;yes;4;3;3;1;1;3;0
GP;M;18;R;LE3;A;3;4;2;2;0;no;yes;yes;yes;yes;yes;yes;no;4;2;5;3;4;1;13
GP;M;17;U;GT3;T;3;1;1;2;0;no;no;yes;yes;yes;yes;yes;yes;5;4;4;3;4;5;2
GP;F;18;R;GT3;T;4;4;2;2;0;no;no;yes;yes;yes;yes;yes;no;4;3;4;2;2;4;8
GP;M;18;U;GT3;T;4;2;1;2;0;no;yes;yes;yes;yes;yes;yes;yes;5;4;5;1;3;5;10
GP;F;18;R;GT3;T;2;1;2;2;0;no;yes;no;no;yes;no;yes;yes;4;3;5;1;2;3;0
GP;F;19;U;GT3;T;3;3;1;2;2;no;yes;yes;yes;yes;yes;yes;no;4;3;5;3;3;5;15
GP;F;18;U;GT3;T;2;3;1;4;0;no;yes;yes;yes;yes;yes;yes;yes;4;5;5;1;3;2;4
GP;F;18;U;LE3;T;1;1;2;2;0;no;yes;yes;no;no;yes;no;no;4;4;3;1;1;3;2
GP;M;17;R;GT3;T;1;2;1;2;0;no;yes;yes;yes;no;yes;no;yes;3;5;2;2;2;1;2
GP;F;17;U;GT3;T;2;4;2;2;0;no;yes;yes;no;yes;yes;yes;yes;4;3;3;1;1;1;2
GP;F;17;U;LE3;T;2;2;2;2;0;yes;yes;yes;no;yes;yes;yes;yes;4;4;4;2;3;5;6
GP;F;18;R;GT3;A;3;2;2;2;0;no;no;no;no;no;no;yes;yes;4;1;1;1;1;5;75
GP;M;18;U;GT3;T;4;4;2;1;0;no;no;yes;yes;yes;yes;yes;no;3;2;4;1;4;3;22
GP;F;18;U;GT3;T;4;4;1;2;1;yes;yes;no;yes;yes;yes;yes;yes;2;4;4;1;1;4;15
GP;M;18;U;LE3;T;4;3;2;1;0;no;no;yes;yes;yes;yes;yes;no;4;2;3;1;2;1;8
GP;M;17;U;LE3;A;4;1;2;1;0;no;no;yes;yes;yes;yes;yes;yes;4;5;4;2;4;5;30
GP;M;17;U;LE3;A;3;2;1;1;1;no;no;no;no;yes;yes;yes;no;4;4;4;3;4;3;19
GP;F;18;R;LE3;T;1;1;2;4;0;no;yes;yes;yes;yes;yes;no;no;5;2;2;1;1;3;1
GP;F;18;U;GT3;T;1;1;2;2;0;yes;no;no;yes;yes;yes;yes;no;5;4;4;1;1;4;4
GP;F;17;U;GT3;T;2;2;1;2;0;no;yes;no;no;no;yes;yes;no;5;4;5;1;2;5;4
GP;M;17;U;GT3;T;1;1;1;2;0;no;no;yes;no;no;yes;yes;no;4;3;3;1;2;4;2
GP;F;18;U;GT3;T;2;2;1;3;0;no;yes;yes;no;yes;yes;yes;no;4;3;3;1;2;2;5
GP;F;17;U;GT3;T;1;1;1;3;0;no;yes;yes;no;yes;yes;yes;no;4;3;3;1;1;3;6
GP;M;18;U;GT3;T;2;1;1;3;0;no;no;yes;yes;yes;yes;yes;no;4;2;4;1;3;2;6
GP;M;18;U;LE3;A;4;4;1;2;0;no;yes;yes;yes;yes;yes;yes;no;5;4;3;1;1;2;9
GP;M;18;U;GT3;T;4;2;1;2;0;no;yes;yes;yes;yes;yes;yes;yes;4;3;2;1;4;5;11
GP;F;17;U;GT3;T;4;3;1;3;0;no;yes;yes;no;yes;yes;yes;no;4;2;2;1;2;3;0
GP;F;18;U;LE3;T;2;1;1;2;1;no;no;no;no;yes;yes;yes;yes;5;4;3;1;1;5;12
GP;F;17;R;LE3;T;3;1;2;4;0;no;yes;yes;no;yes;yes;no;no;3;1;2;1;1;3;6
GP;M;18;R;LE3;T;3;2;2;3;0;no;yes;yes;yes;yes;yes;yes;no;5;4;2;1;1;4;8
GP;M;17;U;GT3;T;3;3;1;1;0;no;yes;yes;no;yes;yes;yes;no;4;4;3;1;3;5;4
GP;F;19;U;GT3;T;4;4;2;2;0;no;yes;yes;yes;yes;yes;yes;no;2;3;4;2;3;2;0
GP;F;18;U;LE3;T;4;3;2;2;0;no;yes;yes;no;yes;yes;yes;yes;4;4;5;1;2;2;10
GP;F;18;U;GT3;T;4;3;1;4;0;no;yes;yes;no;yes;yes;yes;no;4;3;3;1;1;3;0
GP;M;18;U;LE3;T;4;4;1;1;0;no;yes;yes;no;yes;yes;yes;yes;1;4;2;2;2;1;5
GP;F;18;U;LE3;A;4;4;1;2;0;no;yes;no;no;yes;yes;yes;yes;4;2;4;1;1;4;14
GP;M;17;U;LE3;T;4;4;2;1;0;no;no;yes;no;yes;yes;yes;no;4;1;1;2;2;5;0
GP;F;17;U;GT3;T;4;2;2;3;0;no;yes;yes;no;yes;yes;yes;no;4;3;3;1;1;3;0
GP;F;17;U;GT3;T;3;2;1;4;0;no;yes;yes;yes;no;yes;yes;no;5;2;2;1;2;5;0
GP;M;19;U;GT3;T;3;3;1;2;1;no;yes;no;yes;yes;yes;yes;yes;4;4;4;1;1;3;20
GP;F;18;U;GT3;T;2;4;1;2;1;no;yes;yes;yes;yes;yes;yes;no;4;4;3;1;1;3;8
GP;M;20;U;GT3;A;3;2;1;1;0;no;no;no;yes;yes;yes;no;no;5;5;3;1;1;5;0
GP;M;19;U;GT3;T;4;4;2;1;1;no;yes;yes;no;yes;yes;yes;yes;4;3;4;1;1;4;38
GP;M;19;R;GT3;T;3;3;1;2;1;no;no;no;yes;yes;yes;no;yes;4;5;3;1;2;5;0
GP;F;19;U;LE3;T;1;1;1;2;1;yes;yes;no;yes;no;yes;yes;no;4;4;3;1;3;3;18
GP;F;19;U;LE3;T;1;2;1;2;1;no;no;no;yes;no;yes;no;yes;4;2;4;2;2;3;0
GP;F;19;U;GT3;T;2;1;3;2;0;no;yes;no;no;yes;no;yes;yes;3;4;1;1;1;2;20
GP;M;19;U;GT3;T;1;2;1;2;1;no;no;no;no;no;yes;yes;no;4;5;2;2;2;4;3
GP;F;19;U;LE3;T;3;2;2;2;1;no;yes;yes;no;no;yes;yes;yes;4;2;2;1;2;1;22
GP;F;19;U;GT3;T;1;1;1;3;2;no;no;no;no;no;yes;yes;yes;4;1;2;1;1;3;14
GP;F;19;R;GT3;T;2;3;1;3;1;no;no;no;no;yes;yes;yes;yes;4;1;2;1;1;3;40
GP;F;18;U;GT3;T;2;1;2;2;0;no;yes;yes;yes;yes;yes;yes;no;5;3;3;1;2;1;0
GP;F;18;U;GT3;T;4;3;1;3;0;no;yes;yes;yes;yes;yes;yes;yes;4;3;4;1;1;5;9
GP;F;17;R;GT3;T;3;4;1;3;0;no;yes;yes;yes;no;yes;yes;no;4;3;4;2;5;5;0
GP;F;18;U;GT3;T;4;4;1;2;0;no;yes;yes;no;yes;yes;yes;no;4;4;4;3;3;5;2
GP;F;17;U;GT3;A;4;3;1;2;0;no;yes;yes;no;yes;yes;yes;yes;5;2;2;1;2;5;23
GP;F;17;U;GT3;T;2;2;1;2;0;no;yes;no;no;yes;yes;no;yes;4;2;2;1;1;3;12
GP;F;17;R;LE3;T;2;2;1;3;0;no;yes;yes;yes;yes;yes;yes;no;3;3;2;2;2;3;3
GP;F;17;U;GT3;T;3;1;1;3;0;no;yes;no;no;no;yes;yes;no;3;4;3;2;3;5;1
GP;F;17;U;LE3;T;0;2;2;3;0;no;no;no;no;yes;yes;yes;no;3;3;3;2;3;2;0
GP;M;18;U;GT3;T;4;4;1;3;0;no;no;no;yes;yes;yes;yes;no;4;3;3;2;2;3;3
GP;M;17;U;GT3;T;3;3;1;1;0;no;no;no;yes;no;yes;yes;no;4;3;5;3;5;5;3
GP;M;17;R;GT3;T;2;2;4;1;0;no;yes;no;no;yes;yes;yes;no;4;4;5;5;5;4;8
GP;F;17;U;GT3;T;4;4;1;3;0;no;yes;yes;yes;yes;yes;yes;no;5;4;4;1;3;4;7
GP;F;17;U;GT3;T;4;4;2;3;0;no;yes;yes;no;no;yes;yes;yes;4;3;3;1;2;4;4
GP;M;18;U;LE3;T;2;2;1;4;0;no;yes;no;yes;yes;yes;yes;no;4;5;5;2;4;5;2
GP;F;17;R;GT3;T;2;4;1;3;0;no;yes;no;no;yes;yes;yes;yes;4;4;3;1;1;5;7
GP;F;18;U;GT3;T;3;3;1;2;0;no;no;no;yes;yes;yes;yes;no;5;3;4;1;1;4;0
GP;F;18;U;LE3;T;2;2;1;2;0;no;no;no;yes;no;yes;yes;yes;4;3;3;1;1;2;0
GP;F;18;R;GT3;T;2;2;2;4;0;no;no;no;yes;yes;yes;no;no;4;4;4;1;1;4;0
GP;F;17;U;GT3;T;3;4;1;3;0;no;no;no;no;yes;yes;yes;no;4;4;5;1;3;5;16
GP;F;19;R;GT3;A;3;1;1;3;1;no;no;yes;no;yes;yes;no;no;5;4;3;1;2;5;12
GP;F;17;U;GT3;T;3;2;1;2;0;no;yes;yes;no;yes;yes;yes;yes;4;3;2;2;3;2;0
GP;F;18;U;LE3;T;3;3;1;4;0;no;yes;no;no;yes;yes;yes;no;5;3;3;1;1;1;7
GP;F;17;R;GT3;A;3;2;1;2;0;no;yes;yes;no;yes;yes;yes;no;4;3;3;2;3;2;4
GP;F;19;U;GT3;T;2;1;1;3;1;no;no;yes;yes;yes;yes;yes;yes;4;3;4;1;3;3;4
GP;M;18;U;GT3;T;4;4;1;2;1;no;yes;no;yes;yes;yes;yes;no;4;3;3;2;2;2;0
GP;M;18;U;LE3;T;3;4;1;2;0;no;no;no;yes;yes;yes;yes;yes;4;3;3;1;3;5;11
GP;F;17;U;GT3;A;2;2;1;2;1;no;yes;no;no;yes;yes;yes;yes;3;3;1;1;2;4;0
GP;F;18;U;GT3;T;2;3;1;3;0;no;yes;no;no;yes;yes;yes;no;4;3;3;1;2;3;4
GP;F;18;U;GT3;T;3;2;1;3;0;no;no;no;no;yes;yes;yes;yes;5;4;3;2;3;1;7
GP;M;18;R;GT3;T;4;3;1;3;0;no;no;no;no;yes;yes;yes;yes;5;3;2;1;2;4;9
GP;M;18;U;GT3;T;4;3;1;3;0;no;yes;yes;no;yes;yes;yes;yes;5;4;5;2;3;5;0
GP;F;17;U;GT3;T;4;3;1;3;0;no;yes;yes;yes;yes;yes;yes;yes;4;4;3;1;3;4;0
MS;M;18;R;GT3;T;3;2;2;1;1;no;yes;no;no;no;yes;yes;no;2;5;5;5;5;5;10
MS;M;19;R;GT3;T;1;1;3;2;3;no;no;no;no;yes;yes;yes;no;5;4;4;3;3;2;8
MS;M;17;U;GT3;T;3;3;2;2;0;no;yes;yes;no;yes;yes;yes;no;4;5;4;2;3;3;2
MS;M;18;U;LE3;T;1;3;1;1;1;no;no;no;no;yes;no;yes;yes;4;3;3;2;3;3;7
MS;M;19;R;GT3;T;1;1;3;1;1;no;yes;no;no;yes;yes;yes;no;4;4;4;3;3;5;4
MS;M;17;R;GT3;T;4;3;2;2;0;no;yes;yes;yes;no;yes;yes;yes;4;5;5;1;3;2;4
MS;F;18;U;GT3;T;3;3;1;2;0;no;yes;no;no;yes;yes;no;yes;5;3;4;1;1;5;0
MS;F;17;R;GT3;T;4;4;2;2;0;no;yes;yes;yes;yes;yes;yes;no;4;3;3;1;2;5;4
MS;F;17;U;LE3;A;3;2;2;2;0;no;no;no;no;yes;yes;no;yes;1;2;3;1;2;5;2
MS;M;18;U;LE3;T;1;1;2;1;0;no;no;no;no;no;yes;yes;yes;3;3;2;1;2;3;4
MS;F;18;U;LE3;T;1;1;2;3;0;no;no;no;no;yes;yes;yes;no;5;3;2;1;1;4;0
MS;F;18;R;LE3;A;1;4;3;2;0;no;no;no;no;yes;yes;no;yes;4;3;4;1;4;5;0
MS;M;18;R;LE3;T;1;1;2;2;1;no;no;no;yes;no;no;no;no;4;4;3;2;3;5;2
MS;F;18;U;GT3;T;3;3;2;2;0;no;yes;no;no;yes;yes;yes;yes;4;3;2;1;3;3;0
MS;F;17;U;LE3;T;4;4;1;2;0;no;yes;yes;yes;yes;yes;yes;yes;2;3;4;1;1;1;0
MS;F;17;R;GT3;T;1;2;2;2;0;no;no;no;no;no;yes;no;no;3;2;2;1;2;3;0
MS;M;18;R;GT3;T;1;3;2;2;0;no;yes;yes;no;yes;yes;no;no;3;3;4;2;4;3;4
MS;M;18;U;LE3;T;4;4;2;3;0;no;no;yes;no;yes;yes;yes;yes;4;2;2;2;2;5;0
MS;F;17;R;GT3;T;1;1;3;1;1;no;yes;yes;no;yes;yes;yes;yes;5;2;1;1;2;1;0
MS;F;18;U;GT3;T;2;3;2;1;0;no;yes;yes;no;yes;yes;yes;yes;5;2;3;1;2;4;0
MS;F;18;R;GT3;T;4;4;3;2;0;no;yes;yes;no;no;yes;yes;yes;3;2;2;4;2;5;10
MS;F;19;U;LE3;T;3;2;2;2;2;no;no;no;yes;yes;yes;no;yes;3;2;2;1;1;3;4
MS;M;18;R;LE3;T;1;2;3;1;0;no;yes;yes;yes;yes;no;yes;yes;4;3;3;2;3;3;3
MS;F;17;U;GT3;T;2;2;1;3;0;no;no;no;yes;yes;yes;no;yes;3;4;3;1;1;3;8
MS;F;17;R;GT3;T;1;2;1;1;0;no;no;no;yes;yes;yes;yes;no;3;5;5;1;3;1;14
MS;F;18;R;LE3;T;4;4;2;3;0;no;no;no;no;yes;yes;yes;no;5;4;4;1;1;1;0
MS;F;18;R;GT3;T;1;1;4;3;0;no;no;no;no;yes;yes;yes;no;4;3;2;1;2;4;2
MS;F;20;U;GT3;T;4;2;2;3;2;no;yes;yes;no;no;yes;yes;yes;5;4;3;1;1;3;4
MS;F;18;R;LE3;T;4;4;1;2;0;no;no;yes;yes;yes;yes;yes;no;5;4;3;3;4;2;4
MS;F;18;U;GT3;T;3;3;1;2;0;no;no;yes;no;yes;yes;yes;yes;4;1;3;1;2;1;0
MS;F;17;R;GT3;T;3;1;1;2;0;no;yes;yes;yes;no;yes;yes;no;4;5;4;2;3;1;17
MS;M;18;U;GT3;T;4;4;1;2;0;no;no;yes;yes;no;yes;yes;no;3;2;4;1;4;2;4
MS;M;18;R;GT3;T;2;1;2;1;0;no;no;no;yes;no;yes;yes;yes;4;4;3;1;3;5;5
MS;M;17;U;GT3;T;2;3;2;2;0;no;no;no;yes;yes;yes;yes;no;4;4;3;1;1;3;2
MS;M;19;R;GT3;T;1;1;2;1;1;no;no;no;no;yes;yes;no;no;4;3;2;1;3;5;0
MS;M;18;R;GT3;T;4;2;2;1;1;no;no;yes;no;yes;yes;no;no;5;4;3;4;3;3;14
MS;F;18;R;GT3;T;2;2;2;3;0;no;no;yes;no;yes;yes;no;no;5;3;3;1;3;4;2
MS;F;18;R;GT3;T;4;4;3;1;0;no;yes;yes;yes;yes;yes;yes;yes;4;4;3;2;2;5;7
MS;F;19;R;GT3;T;2;3;1;3;1;no;no;no;yes;no;yes;yes;no;5;4;2;1;2;5;0
MS;F;18;U;LE3;T;3;1;1;2;0;no;yes;yes;no;yes;yes;yes;no;4;3;4;1;1;1;0
MS;F;18;U;GT3;T;1;1;2;2;1;no;no;no;yes;yes;yes;no;no;1;1;1;1;1;5;0
MS;M;20;U;LE3;A;2;2;1;2;2;no;yes;yes;no;yes;yes;no;no;5;5;4;4;5;4;11
MS;M;17;U;LE3;T;3;1;2;1;0;no;no;no;no;no;yes;yes;no;2;4;5;3;4;2;3
MS;M;21;R;GT3;T;1;1;1;1;3;no;no;no;no;no;yes;no;no;5;5;3;3;3;3;3
MS;M;18;R;LE3;T;3;2;3;1;0;no;no;no;no;no;yes;yes;no;4;4;1;3;4;5;0
MS;M;19;U;LE3;T;1;1;1;1;0;no;no;no;no;yes;yes;yes;no;3;2;3;3;3;5;5
